Number of Elements,Time Taken (seconds)
5000,0.000442
10000,0.000975
15000,0.001480
20000,0.002027
25000,0.002585
30000,0.003233
35000,0.003789
40000,0.004453
45000,0.004955
50000,0.005718
