Number of Elements,Time Taken (seconds)
5000,0.037232
10000,0.155617
15000,0.37346
20000,0.657612
25000,0.991345
30000,1.32713
35000,2.02526
40000,2.45255
45000,3.95126
50000,3.91981
